{
  "firestore": {
    "rules": "firestore.rules",
    "indexes": "firestore.indexes.json"
  },
  "functions": {
    "predeploy": [
      "yarn",
      "yarn --prefix \"$RESOURCE_DIR\" build"
    ],
    "source": "functions"
  },
  "database": {
    "rules": "database.rules"
  },
  "storage": {
    "rules": "storage.rules"
  },
  "emulators": {
    "auth": {
      "port": "9099"
    },
    "database": {
      "port": "9000"
    },
    "firestore": {
      "port": "8080"
    },
    "functions": {
      "port": "5001"
    },
    "storage": {
      "port": "9199"
    },
    "ui": {
      "enabled": true
    }
  }
}
